{
  "view/Empty.view.xml": 1708685097318,
  "manifest.json": 1708082761293,
  "util/formatter.js": 1708082761707,
  "controller/View2.controller.js": 1708082761499,
  "controller/View1.controller.js": 1708082761452,
  "controller/Empty.controller.js": 1708685251354,
  "controller/App.controller.js": 1708082761374,
  "model/mockdata/fruitsfile.json": 1708082761640,
  "jumbo.json": 1708082761261,
  "Component.js": 1708082761188,
  "controller/Empty-dbg.controller.js": 1708685251354,
  "controller/Empty.controller.js.map": 1708931257669,
  "controller/View2-dbg.controller.js": 1708082761499,
  "controller/View2.controller.js.map": 1708931257692,
  "controller/View1-dbg.controller.js": 1708082761452,
  "controller/View1.controller.js.map": 1708931257703,
  "util/formatter-dbg.js": 1708082761707,
  "util/formatter.js.map": 1708931257675,
  "controller/App-dbg.controller.js": 1708082761374,
  "controller/App.controller.js.map": 1708931257675,
  "Component-dbg.js": 1708082761188,
  "Component.js.map": 1708931257684,
  "Component-preload.js": 1708931258034,
  "Component-preload.js.map": 1708931258034,
  "view/View2.view.xml": 1708082761864,
  "view/View1.view.xml": 1708573755700,
  "i18n/i18n.properties": 1708082761578,
  "view/App.view.xml": 1708082761749,
  "style/mystyle.css": 1708082761664,
  "fragments/supplierTable.fragment.xml": 1708082761546,
  "new.html": 1708082761342,
  "index.html": 1708487922224
}